{
  "data_asset_type": null,
  "expectation_suite_name": "extracted_data.csv.warning",
  "expectations": [
    {
      "expectation_type": "expect_column_to_exist",
      "kwargs": {
        "column": "Foundation_BrkTil"
      },
      "meta": {}
    },
    {
      "expectation_type": "expect_column_values_to_not_be_null",
      "kwargs": {
        "column": "Foundation_BrkTil"
      },
      "meta": {}
    },
    {
      "expectation_type": "expect_column_to_exist",
      "kwargs": {
        "column": "Foundation_CBlock"
      },
      "meta": {}
    },
    {
      "expectation_type": "expect_column_values_to_not_be_null",
      "kwargs": {
        "column": "Foundation_CBlock"
      },
      "meta": {}
    },
    {
      "expectation_type": "expect_column_to_exist",
      "kwargs": {
        "column": "Foundation_PConc"
      },
      "meta": {}
    },
    {
      "expectation_type": "expect_column_values_to_not_be_null",
      "kwargs": {
        "column": "Foundation_PConc"
      },
      "meta": {}
    },
    {
      "expectation_type": "expect_column_to_exist",
      "kwargs": {
        "column": "Foundation_Slab"
      },
      "meta": {}
    },
    {
      "expectation_type": "expect_column_values_to_not_be_null",
      "kwargs": {
        "column": "Foundation_Slab"
      },
      "meta": {}
    },
    {
      "expectation_type": "expect_column_to_exist",
      "kwargs": {
        "column": "Foundation_Stone"
      },
      "meta": {}
    },
    {
      "expectation_type": "expect_column_values_to_not_be_null",
      "kwargs": {
        "column": "Foundation_Stone"
      },
      "meta": {}
    },
    {
      "expectation_type": "expect_column_to_exist",
      "kwargs": {
        "column": "Foundation_Wood"
      },
      "meta": {}
    },
    {
      "expectation_type": "expect_column_values_to_not_be_null",
      "kwargs": {
        "column": "Foundation_Wood"
      },
      "meta": {}
    },
    {
      "expectation_type": "expect_column_to_exist",
      "kwargs": {
        "column": "KitchenQual_Ex"
      },
      "meta": {}
    },
    {
      "expectation_type": "expect_column_values_to_not_be_null",
      "kwargs": {
        "column": "KitchenQual_Ex"
      },
      "meta": {}
    },
    {
      "expectation_type": "expect_column_to_exist",
      "kwargs": {
        "column": "KitchenQual_Fa"
      },
      "meta": {}
    },
    {
      "expectation_type": "expect_column_values_to_not_be_null",
      "kwargs": {
        "column": "KitchenQual_Fa"
      },
      "meta": {}
    },
    {
      "expectation_type": "expect_column_to_exist",
      "kwargs": {
        "column": "KitchenQual_Gd"
      },
      "meta": {}
    },
    {
      "expectation_type": "expect_column_values_to_not_be_null",
      "kwargs": {
        "column": "KitchenQual_Gd"
      },
      "meta": {}
    },
    {
      "expectation_type": "expect_column_to_exist",
      "kwargs": {
        "column": "KitchenQual_TA"
      },
      "meta": {}
    },
    {
      "expectation_type": "expect_column_values_to_not_be_null",
      "kwargs": {
        "column": "KitchenQual_TA"
      },
      "meta": {}
    },
    {
      "expectation_type": "expect_column_to_exist",
      "kwargs": {
        "column": "TotRmsAbvGrd"
      },
      "meta": {}
    },
    {
      "expectation_type": "expect_column_values_to_not_be_null",
      "kwargs": {
        "column": "TotRmsAbvGrd"
      },
      "meta": {}
    },
    {
      "expectation_type": "expect_column_to_exist",
      "kwargs": {
        "column": "WoodDeckSF"
      },
      "meta": {}
    },
    {
      "expectation_type": "expect_column_values_to_not_be_null",
      "kwargs": {
        "column": "WoodDeckSF"
      },
      "meta": {}
    },
    {
      "expectation_type": "expect_column_to_exist",
      "kwargs": {
        "column": "YrSold"
      },
      "meta": {}
    },
    {
      "expectation_type": "expect_column_values_to_not_be_null",
      "kwargs": {
        "column": "YrSold"
      },
      "meta": {}
    },
    {
      "expectation_type": "expect_column_to_exist",
      "kwargs": {
        "column": "1stFlrSF"
      },
      "meta": {}
    },
    {
      "expectation_type": "expect_column_values_to_not_be_null",
      "kwargs": {
        "column": "1stFlrSF"
      },
      "meta": {}
    }
  ],
  "ge_cloud_id": null,
  "meta": {
    "citations": [
      {
        "batch_request": {
          "data_asset_name": "extracted_data.csv",
          "data_connector_name": "default_inferred_data_connector_name",
          "datasource_name": "my_datasource",
          "limit": 1000
        },
        "citation_date": "2024-10-03T10:44:10.578638Z",
        "comment": "Created suite added via CLI"
      }
    ],
    "great_expectations_version": "0.18.21"
  }
}