{
  "evaluation_parameters": {},
  "meta": {
    "active_batch_definition": {
      "batch_identifiers": {},
      "data_asset_name": "extracted_data.csv",
      "data_connector_name": "default_inferred_data_connector_name",
      "datasource_name": "my_datasource"
    },
    "batch_markers": {
      "ge_load_time": "20241003T114130.748485Z",
      "pandas_data_fingerprint": "67b5473aec4c016e91c4ed1c6d043f47"
    },
    "batch_spec": {
      "path": "/home/username/blackstraw/gx/../extracted_data.csv"
    },
    "checkpoint_id": null,
    "checkpoint_name": "my_checkpoint",
    "expectation_suite_name": "extracted_data.csv.warning",
    "great_expectations_version": "0.18.21",
    "run_id": {
      "run_name": "2024-41-MyCheckpoint",
      "run_time": "2024-10-03T17:11:30.739301+05:30"
    },
    "validation_id": null,
    "validation_time": "20241003T114130.763262Z"
  },
  "results": [
    {
      "exception_info": {
        "exception_message": null,
        "exception_traceback": null,
        "raised_exception": false
      },
      "expectation_config": {
        "expectation_type": "expect_column_to_exist",
        "kwargs": {
          "batch_id": "5af006e00abc1e3c534ee1d05585a140",
          "column": "Foundation_BrkTil"
        },
        "meta": {}
      },
      "meta": {},
      "result": {},
      "success": true
    },
    {
      "exception_info": {
        "exception_message": null,
        "exception_traceback": null,
        "raised_exception": false
      },
      "expectation_config": {
        "expectation_type": "expect_column_values_to_not_be_null",
        "kwargs": {
          "batch_id": "5af006e00abc1e3c534ee1d05585a140",
          "column": "Foundation_BrkTil"
        },
        "meta": {}
      },
      "meta": {},
      "result": {
        "element_count": 1459,
        "partial_unexpected_counts": [],
        "partial_unexpected_index_list": [],
        "partial_unexpected_list": [],
        "unexpected_count": 0,
        "unexpected_percent": 0.0
      },
      "success": true
    },
    {
      "exception_info": {
        "exception_message": null,
        "exception_traceback": null,
        "raised_exception": false
      },
      "expectation_config": {
        "expectation_type": "expect_column_to_exist",
        "kwargs": {
          "batch_id": "5af006e00abc1e3c534ee1d05585a140",
          "column": "Foundation_CBlock"
        },
        "meta": {}
      },
      "meta": {},
      "result": {},
      "success": true
    },
    {
      "exception_info": {
        "exception_message": null,
        "exception_traceback": null,
        "raised_exception": false
      },
      "expectation_config": {
        "expectation_type": "expect_column_values_to_not_be_null",
        "kwargs": {
          "batch_id": "5af006e00abc1e3c534ee1d05585a140",
          "column": "Foundation_CBlock"
        },
        "meta": {}
      },
      "meta": {},
      "result": {
        "element_count": 1459,
        "partial_unexpected_counts": [],
        "partial_unexpected_index_list": [],
        "partial_unexpected_list": [],
        "unexpected_count": 0,
        "unexpected_percent": 0.0
      },
      "success": true
    },
    {
      "exception_info": {
        "exception_message": null,
        "exception_traceback": null,
        "raised_exception": false
      },
      "expectation_config": {
        "expectation_type": "expect_column_to_exist",
        "kwargs": {
          "batch_id": "5af006e00abc1e3c534ee1d05585a140",
          "column": "Foundation_PConc"
        },
        "meta": {}
      },
      "meta": {},
      "result": {},
      "success": true
    },
    {
      "exception_info": {
        "exception_message": null,
        "exception_traceback": null,
        "raised_exception": false
      },
      "expectation_config": {
        "expectation_type": "expect_column_values_to_not_be_null",
        "kwargs": {
          "batch_id": "5af006e00abc1e3c534ee1d05585a140",
          "column": "Foundation_PConc"
        },
        "meta": {}
      },
      "meta": {},
      "result": {
        "element_count": 1459,
        "partial_unexpected_counts": [],
        "partial_unexpected_index_list": [],
        "partial_unexpected_list": [],
        "unexpected_count": 0,
        "unexpected_percent": 0.0
      },
      "success": true
    },
    {
      "exception_info": {
        "exception_message": null,
        "exception_traceback": null,
        "raised_exception": false
      },
      "expectation_config": {
        "expectation_type": "expect_column_to_exist",
        "kwargs": {
          "batch_id": "5af006e00abc1e3c534ee1d05585a140",
          "column": "Foundation_Slab"
        },
        "meta": {}
      },
      "meta": {},
      "result": {},
      "success": true
    },
    {
      "exception_info": {
        "exception_message": null,
        "exception_traceback": null,
        "raised_exception": false
      },
      "expectation_config": {
        "expectation_type": "expect_column_values_to_not_be_null",
        "kwargs": {
          "batch_id": "5af006e00abc1e3c534ee1d05585a140",
          "column": "Foundation_Slab"
        },
        "meta": {}
      },
      "meta": {},
      "result": {
        "element_count": 1459,
        "partial_unexpected_counts": [],
        "partial_unexpected_index_list": [],
        "partial_unexpected_list": [],
        "unexpected_count": 0,
        "unexpected_percent": 0.0
      },
      "success": true
    },
    {
      "exception_info": {
        "exception_message": null,
        "exception_traceback": null,
        "raised_exception": false
      },
      "expectation_config": {
        "expectation_type": "expect_column_to_exist",
        "kwargs": {
          "batch_id": "5af006e00abc1e3c534ee1d05585a140",
          "column": "Foundation_Stone"
        },
        "meta": {}
      },
      "meta": {},
      "result": {},
      "success": true
    },
    {
      "exception_info": {
        "exception_message": null,
        "exception_traceback": null,
        "raised_exception": false
      },
      "expectation_config": {
        "expectation_type": "expect_column_values_to_not_be_null",
        "kwargs": {
          "batch_id": "5af006e00abc1e3c534ee1d05585a140",
          "column": "Foundation_Stone"
        },
        "meta": {}
      },
      "meta": {},
      "result": {
        "element_count": 1459,
        "partial_unexpected_counts": [],
        "partial_unexpected_index_list": [],
        "partial_unexpected_list": [],
        "unexpected_count": 0,
        "unexpected_percent": 0.0
      },
      "success": true
    },
    {
      "exception_info": {
        "exception_message": null,
        "exception_traceback": null,
        "raised_exception": false
      },
      "expectation_config": {
        "expectation_type": "expect_column_to_exist",
        "kwargs": {
          "batch_id": "5af006e00abc1e3c534ee1d05585a140",
          "column": "Foundation_Wood"
        },
        "meta": {}
      },
      "meta": {},
      "result": {},
      "success": true
    },
    {
      "exception_info": {
        "exception_message": null,
        "exception_traceback": null,
        "raised_exception": false
      },
      "expectation_config": {
        "expectation_type": "expect_column_values_to_not_be_null",
        "kwargs": {
          "batch_id": "5af006e00abc1e3c534ee1d05585a140",
          "column": "Foundation_Wood"
        },
        "meta": {}
      },
      "meta": {},
      "result": {
        "element_count": 1459,
        "partial_unexpected_counts": [],
        "partial_unexpected_index_list": [],
        "partial_unexpected_list": [],
        "unexpected_count": 0,
        "unexpected_percent": 0.0
      },
      "success": true
    },
    {
      "exception_info": {
        "exception_message": null,
        "exception_traceback": null,
        "raised_exception": false
      },
      "expectation_config": {
        "expectation_type": "expect_column_to_exist",
        "kwargs": {
          "batch_id": "5af006e00abc1e3c534ee1d05585a140",
          "column": "KitchenQual_Ex"
        },
        "meta": {}
      },
      "meta": {},
      "result": {},
      "success": true
    },
    {
      "exception_info": {
        "exception_message": null,
        "exception_traceback": null,
        "raised_exception": false
      },
      "expectation_config": {
        "expectation_type": "expect_column_values_to_not_be_null",
        "kwargs": {
          "batch_id": "5af006e00abc1e3c534ee1d05585a140",
          "column": "KitchenQual_Ex"
        },
        "meta": {}
      },
      "meta": {},
      "result": {
        "element_count": 1459,
        "partial_unexpected_counts": [],
        "partial_unexpected_index_list": [],
        "partial_unexpected_list": [],
        "unexpected_count": 0,
        "unexpected_percent": 0.0
      },
      "success": true
    },
    {
      "exception_info": {
        "exception_message": null,
        "exception_traceback": null,
        "raised_exception": false
      },
      "expectation_config": {
        "expectation_type": "expect_column_to_exist",
        "kwargs": {
          "batch_id": "5af006e00abc1e3c534ee1d05585a140",
          "column": "KitchenQual_Fa"
        },
        "meta": {}
      },
      "meta": {},
      "result": {},
      "success": true
    },
    {
      "exception_info": {
        "exception_message": null,
        "exception_traceback": null,
        "raised_exception": false
      },
      "expectation_config": {
        "expectation_type": "expect_column_values_to_not_be_null",
        "kwargs": {
          "batch_id": "5af006e00abc1e3c534ee1d05585a140",
          "column": "KitchenQual_Fa"
        },
        "meta": {}
      },
      "meta": {},
      "result": {
        "element_count": 1459,
        "partial_unexpected_counts": [],
        "partial_unexpected_index_list": [],
        "partial_unexpected_list": [],
        "unexpected_count": 0,
        "unexpected_percent": 0.0
      },
      "success": true
    },
    {
      "exception_info": {
        "exception_message": null,
        "exception_traceback": null,
        "raised_exception": false
      },
      "expectation_config": {
        "expectation_type": "expect_column_to_exist",
        "kwargs": {
          "batch_id": "5af006e00abc1e3c534ee1d05585a140",
          "column": "KitchenQual_Gd"
        },
        "meta": {}
      },
      "meta": {},
      "result": {},
      "success": true
    },
    {
      "exception_info": {
        "exception_message": null,
        "exception_traceback": null,
        "raised_exception": false
      },
      "expectation_config": {
        "expectation_type": "expect_column_values_to_not_be_null",
        "kwargs": {
          "batch_id": "5af006e00abc1e3c534ee1d05585a140",
          "column": "KitchenQual_Gd"
        },
        "meta": {}
      },
      "meta": {},
      "result": {
        "element_count": 1459,
        "partial_unexpected_counts": [],
        "partial_unexpected_index_list": [],
        "partial_unexpected_list": [],
        "unexpected_count": 0,
        "unexpected_percent": 0.0
      },
      "success": true
    },
    {
      "exception_info": {
        "exception_message": null,
        "exception_traceback": null,
        "raised_exception": false
      },
      "expectation_config": {
        "expectation_type": "expect_column_to_exist",
        "kwargs": {
          "batch_id": "5af006e00abc1e3c534ee1d05585a140",
          "column": "KitchenQual_TA"
        },
        "meta": {}
      },
      "meta": {},
      "result": {},
      "success": true
    },
    {
      "exception_info": {
        "exception_message": null,
        "exception_traceback": null,
        "raised_exception": false
      },
      "expectation_config": {
        "expectation_type": "expect_column_values_to_not_be_null",
        "kwargs": {
          "batch_id": "5af006e00abc1e3c534ee1d05585a140",
          "column": "KitchenQual_TA"
        },
        "meta": {}
      },
      "meta": {},
      "result": {
        "element_count": 1459,
        "partial_unexpected_counts": [],
        "partial_unexpected_index_list": [],
        "partial_unexpected_list": [],
        "unexpected_count": 0,
        "unexpected_percent": 0.0
      },
      "success": true
    },
    {
      "exception_info": {
        "exception_message": null,
        "exception_traceback": null,
        "raised_exception": false
      },
      "expectation_config": {
        "expectation_type": "expect_column_to_exist",
        "kwargs": {
          "batch_id": "5af006e00abc1e3c534ee1d05585a140",
          "column": "TotRmsAbvGrd"
        },
        "meta": {}
      },
      "meta": {},
      "result": {},
      "success": true
    },
    {
      "exception_info": {
        "exception_message": null,
        "exception_traceback": null,
        "raised_exception": false
      },
      "expectation_config": {
        "expectation_type": "expect_column_values_to_not_be_null",
        "kwargs": {
          "batch_id": "5af006e00abc1e3c534ee1d05585a140",
          "column": "TotRmsAbvGrd"
        },
        "meta": {}
      },
      "meta": {},
      "result": {
        "element_count": 1459,
        "partial_unexpected_counts": [],
        "partial_unexpected_index_list": [],
        "partial_unexpected_list": [],
        "unexpected_count": 0,
        "unexpected_percent": 0.0
      },
      "success": true
    },
    {
      "exception_info": {
        "exception_message": null,
        "exception_traceback": null,
        "raised_exception": false
      },
      "expectation_config": {
        "expectation_type": "expect_column_to_exist",
        "kwargs": {
          "batch_id": "5af006e00abc1e3c534ee1d05585a140",
          "column": "WoodDeckSF"
        },
        "meta": {}
      },
      "meta": {},
      "result": {},
      "success": true
    },
    {
      "exception_info": {
        "exception_message": null,
        "exception_traceback": null,
        "raised_exception": false
      },
      "expectation_config": {
        "expectation_type": "expect_column_values_to_not_be_null",
        "kwargs": {
          "batch_id": "5af006e00abc1e3c534ee1d05585a140",
          "column": "WoodDeckSF"
        },
        "meta": {}
      },
      "meta": {},
      "result": {
        "element_count": 1459,
        "partial_unexpected_counts": [],
        "partial_unexpected_index_list": [],
        "partial_unexpected_list": [],
        "unexpected_count": 0,
        "unexpected_percent": 0.0
      },
      "success": true
    },
    {
      "exception_info": {
        "exception_message": null,
        "exception_traceback": null,
        "raised_exception": false
      },
      "expectation_config": {
        "expectation_type": "expect_column_to_exist",
        "kwargs": {
          "batch_id": "5af006e00abc1e3c534ee1d05585a140",
          "column": "YrSold"
        },
        "meta": {}
      },
      "meta": {},
      "result": {},
      "success": true
    },
    {
      "exception_info": {
        "exception_message": null,
        "exception_traceback": null,
        "raised_exception": false
      },
      "expectation_config": {
        "expectation_type": "expect_column_values_to_not_be_null",
        "kwargs": {
          "batch_id": "5af006e00abc1e3c534ee1d05585a140",
          "column": "YrSold"
        },
        "meta": {}
      },
      "meta": {},
      "result": {
        "element_count": 1459,
        "partial_unexpected_counts": [],
        "partial_unexpected_index_list": [],
        "partial_unexpected_list": [],
        "unexpected_count": 0,
        "unexpected_percent": 0.0
      },
      "success": true
    },
    {
      "exception_info": {
        "exception_message": null,
        "exception_traceback": null,
        "raised_exception": false
      },
      "expectation_config": {
        "expectation_type": "expect_column_to_exist",
        "kwargs": {
          "batch_id": "5af006e00abc1e3c534ee1d05585a140",
          "column": "1stFlrSF"
        },
        "meta": {}
      },
      "meta": {},
      "result": {},
      "success": true
    },
    {
      "exception_info": {
        "exception_message": null,
        "exception_traceback": null,
        "raised_exception": false
      },
      "expectation_config": {
        "expectation_type": "expect_column_values_to_not_be_null",
        "kwargs": {
          "batch_id": "5af006e00abc1e3c534ee1d05585a140",
          "column": "1stFlrSF"
        },
        "meta": {}
      },
      "meta": {},
      "result": {
        "element_count": 1459,
        "partial_unexpected_counts": [],
        "partial_unexpected_index_list": [],
        "partial_unexpected_list": [],
        "unexpected_count": 0,
        "unexpected_percent": 0.0
      },
      "success": true
    }
  ],
  "statistics": {
    "evaluated_expectations": 28,
    "success_percent": 100.0,
    "successful_expectations": 28,
    "unsuccessful_expectations": 0
  },
  "success": true
}